{"max": [4.19769, 4.64557, 16.5451], "centroid": [0.002284920520384549, 1.630433734014977, 7.634651701777242], "id": "162ed8d0d989f3acc1ccec171a275967", "numVertices": 4614, "min": [-4.19769, 0.0, 0.020882]}
